date,country,PROVINCE,Nom,total_cases,source
8/31/18,COD,Ituri,Mandima,10,https://mailchi.mp/230a80c1c317/ebola_kivu_31aout
8/31/18,COD,Nord-Kivu,Beni,16,https://mailchi.mp/230a80c1c317/ebola_kivu_31aout
8/31/18,COD,Nord-Kivu,Butembo,2,https://mailchi.mp/230a80c1c317/ebola_kivu_31aout
8/31/18,COD,Nord-Kivu,Mabalako,86,https://mailchi.mp/230a80c1c317/ebola_kivu_31aout
8/31/18,COD,Nord-Kivu,Musienene,1,https://mailchi.mp/230a80c1c317/ebola_kivu_31aout
8/31/18,COD,Nord-Kivu,Oicha,3,https://mailchi.mp/230a80c1c317/ebola_kivu_31aout
9/30/18,COD,Ituri,Komanda,0,https://mailchi.mp/sante.gouv.cd/ebola_kivu_30sept
9/30/18,COD,Ituri,Mandima,11,https://mailchi.mp/sante.gouv.cd/ebola_kivu_30sept
9/30/18,COD,Ituri,Tchomia,2,https://mailchi.mp/sante.gouv.cd/ebola_kivu_30sept
9/30/18,COD,Nord-Kivu,Beni,41,https://mailchi.mp/sante.gouv.cd/ebola_kivu_30sept
9/30/18,COD,Nord-Kivu,Butembo,9,https://mailchi.mp/sante.gouv.cd/ebola_kivu_30sept
9/30/18,COD,Nord-Kivu,Goma,0,https://mailchi.mp/sante.gouv.cd/ebola_kivu_30sept
9/30/18,COD,Nord-Kivu,Kalunguta,1,https://mailchi.mp/sante.gouv.cd/ebola_kivu_30sept
9/30/18,COD,Nord-Kivu,Mabalako,90,https://mailchi.mp/sante.gouv.cd/ebola_kivu_30sept
9/30/18,COD,Nord-Kivu,Masereka,1,https://mailchi.mp/sante.gouv.cd/ebola_kivu_30sept
9/30/18,COD,Nord-Kivu,Musienene,1,https://mailchi.mp/sante.gouv.cd/ebola_kivu_30sept
9/30/18,COD,Nord-Kivu,Oicha,3,https://mailchi.mp/sante.gouv.cd/ebola_kivu_30sept
10/31/18,COD,Ituri,Komanda,1,https://mailchi.mp/sante.gouv.cd/ebola_kivu_31oct
10/31/18,COD,Ituri,Mandima,11,https://mailchi.mp/sante.gouv.cd/ebola_kivu_31oct
10/31/18,COD,Ituri,Tchomia,2,https://mailchi.mp/sante.gouv.cd/ebola_kivu_31oct
10/31/18,COD,Nord-Kivu,Beni,136,https://mailchi.mp/sante.gouv.cd/ebola_kivu_31oct
10/31/18,COD,Nord-Kivu,Butembo,26,https://mailchi.mp/sante.gouv.cd/ebola_kivu_31oct
10/31/18,COD,Nord-Kivu,Goma,0,https://mailchi.mp/sante.gouv.cd/ebola_kivu_31oct
10/31/18,COD,Nord-Kivu,Kalunguta,2,https://mailchi.mp/sante.gouv.cd/ebola_kivu_31oct
10/31/18,COD,Nord-Kivu,Lubero,0,https://mailchi.mp/sante.gouv.cd/ebola_kivu_31oct
10/31/18,COD,Nord-Kivu,Mabalako,92,https://mailchi.mp/sante.gouv.cd/ebola_kivu_31oct
10/31/18,COD,Nord-Kivu,Masereka,4,https://mailchi.mp/sante.gouv.cd/ebola_kivu_31oct
10/31/18,COD,Nord-Kivu,Musienene,1,https://mailchi.mp/sante.gouv.cd/ebola_kivu_31oct
10/31/18,COD,Nord-Kivu,Oicha,3,https://mailchi.mp/sante.gouv.cd/ebola_kivu_31oct
10/31/18,COD,Nord-Kivu,Vuhovi,1,https://mailchi.mp/sante.gouv.cd/ebola_kivu_31oct
11/30/18,COD,Ituri,Komanda,1,https://mailchi.mp/sante.gouv.cd/ebola_kivu_30nov
11/30/18,COD,Ituri,Mandima,19,https://mailchi.mp/sante.gouv.cd/ebola_kivu_30nov
11/30/18,COD,Ituri,Tchomia,2,https://mailchi.mp/sante.gouv.cd/ebola_kivu_30nov
11/30/18,COD,Nord-Kivu,Beni,191,https://mailchi.mp/sante.gouv.cd/ebola_kivu_30nov
11/30/18,COD,Nord-Kivu,Butembo,17,https://mailchi.mp/sante.gouv.cd/ebola_kivu_30nov
11/30/18,COD,Nord-Kivu,Kalunguta,45,https://mailchi.mp/sante.gouv.cd/ebola_kivu_30nov
11/30/18,COD,Nord-Kivu,Katwa,46,https://mailchi.mp/sante.gouv.cd/ebola_kivu_30nov
11/30/18,COD,Nord-Kivu,Kyondo,5,https://mailchi.mp/sante.gouv.cd/ebola_kivu_30nov
11/30/18,COD,Nord-Kivu,Lubero,0,https://mailchi.mp/sante.gouv.cd/ebola_kivu_30nov
11/30/18,COD,Nord-Kivu,Mabalako,83,https://mailchi.mp/sante.gouv.cd/ebola_kivu_30nov
11/30/18,COD,Nord-Kivu,Masereka,7,https://mailchi.mp/sante.gouv.cd/ebola_kivu_30nov
11/30/18,COD,Nord-Kivu,Musienene,3,https://mailchi.mp/sante.gouv.cd/ebola_kivu_30nov
11/30/18,COD,Nord-Kivu,Mutwanga,2,https://mailchi.mp/sante.gouv.cd/ebola_kivu_30nov
11/30/18,COD,Nord-Kivu,Oicha,4,https://mailchi.mp/sante.gouv.cd/ebola_kivu_30nov
11/30/18,COD,Nord-Kivu,Vuhovi,3,https://mailchi.mp/sante.gouv.cd/ebola_kivu_30nov
12/31/18,COD,Ituri,Komanda,30,https://mailchi.mp/sante.gouv.cd/ebola_kivu_31dec
12/31/18,COD,Ituri,Mandima,20,https://mailchi.mp/sante.gouv.cd/ebola_kivu_31dec
12/31/18,COD,Ituri,Nyankunde,1,https://mailchi.mp/sante.gouv.cd/ebola_kivu_31dec
12/31/18,COD,Ituri,Tchomia,2,https://mailchi.mp/sante.gouv.cd/ebola_kivu_31dec
12/31/18,COD,Nord-Kivu,Beni,222,https://mailchi.mp/sante.gouv.cd/ebola_kivu_31dec
12/31/18,COD,Nord-Kivu,Biena,1,https://mailchi.mp/sante.gouv.cd/ebola_kivu_31dec
12/31/18,COD,Nord-Kivu,Butembo,41,https://mailchi.mp/sante.gouv.cd/ebola_kivu_31dec
12/31/18,COD,Nord-Kivu,Kalunguta,51,https://mailchi.mp/sante.gouv.cd/ebola_kivu_31dec
12/31/18,COD,Nord-Kivu,Katwa,82,https://mailchi.mp/sante.gouv.cd/ebola_kivu_31dec
12/31/18,COD,Nord-Kivu,Kyondo,8,https://mailchi.mp/sante.gouv.cd/ebola_kivu_31dec
12/31/18,COD,Nord-Kivu,Mabalako,102,https://mailchi.mp/sante.gouv.cd/ebola_kivu_31dec
12/31/18,COD,Nord-Kivu,Masereka,8,https://mailchi.mp/sante.gouv.cd/ebola_kivu_31dec
12/31/18,COD,Nord-Kivu,Musienene,5,https://mailchi.mp/sante.gouv.cd/ebola_kivu_31dec
12/31/18,COD,Nord-Kivu,Mutwanga,3,https://mailchi.mp/sante.gouv.cd/ebola_kivu_31dec
12/31/18,COD,Nord-Kivu,Oicha,14,https://mailchi.mp/sante.gouv.cd/ebola_kivu_31dec
12/31/18,COD,Nord-Kivu,Vuhovi,8,https://mailchi.mp/sante.gouv.cd/ebola_kivu_31dec
1/31/19,COD,Ituri,Komanda,32,https://mailchi.mp/sante.gouv.cd/ebola_kivu_31jan19?e=[UNIQID]
1/31/19,COD,Ituri,Mandima,20,https://mailchi.mp/sante.gouv.cd/ebola_kivu_31jan19?e=[UNIQID]
1/31/19,COD,Ituri,Nyankunde,1,https://mailchi.mp/sante.gouv.cd/ebola_kivu_31jan19?e=[UNIQID]
1/31/19,COD,Ituri,Tchomia,2,https://mailchi.mp/sante.gouv.cd/ebola_kivu_31jan19?e=[UNIQID]
1/31/19,COD,Nord-Kivu,Beni,234,https://mailchi.mp/sante.gouv.cd/ebola_kivu_31jan19?e=[UNIQID]
1/31/19,COD,Nord-Kivu,Biena,4,https://mailchi.mp/sante.gouv.cd/ebola_kivu_31jan19?e=[UNIQID]
1/31/19,COD,Nord-Kivu,Butembo,54,https://mailchi.mp/sante.gouv.cd/ebola_kivu_31jan19?e=[UNIQID]
1/31/19,COD,Nord-Kivu,Goma,0,https://mailchi.mp/sante.gouv.cd/ebola_kivu_31jan19?e=[UNIQID]
1/31/19,COD,Nord-Kivu,Kalunguta,53,https://mailchi.mp/sante.gouv.cd/ebola_kivu_31jan19?e=[UNIQID]
1/31/19,COD,Nord-Kivu,Katwa,178,https://mailchi.mp/sante.gouv.cd/ebola_kivu_31jan19?e=[UNIQID]
1/31/19,COD,Nord-Kivu,Kayina,5,https://mailchi.mp/sante.gouv.cd/ebola_kivu_31jan19?e=[UNIQID]
1/31/19,COD,Nord-Kivu,Kyondo,12,https://mailchi.mp/sante.gouv.cd/ebola_kivu_31jan19?e=[UNIQID]
1/31/19,COD,Nord-Kivu,Lubero,0,https://mailchi.mp/sante.gouv.cd/ebola_kivu_31jan19?e=[UNIQID]
1/31/19,COD,Nord-Kivu,Mabalako,104,https://mailchi.mp/sante.gouv.cd/ebola_kivu_31jan19?e=[UNIQID]
1/31/19,COD,Nord-Kivu,Mangurujipa,4,https://mailchi.mp/sante.gouv.cd/ebola_kivu_31jan19?e=[UNIQID]
1/31/19,COD,Nord-Kivu,Masereka,8,https://mailchi.mp/sante.gouv.cd/ebola_kivu_31jan19?e=[UNIQID]
1/31/19,COD,Nord-Kivu,Musienene,7,https://mailchi.mp/sante.gouv.cd/ebola_kivu_31jan19?e=[UNIQID]
1/31/19,COD,Nord-Kivu,Mutwanga,3,https://mailchi.mp/sante.gouv.cd/ebola_kivu_31jan19?e=[UNIQID]
1/31/19,COD,Nord-Kivu,Oicha,29,https://mailchi.mp/sante.gouv.cd/ebola_kivu_31jan19?e=[UNIQID]
1/31/19,COD,Nord-Kivu,Vuhovi,9,https://mailchi.mp/sante.gouv.cd/ebola_kivu_31jan19?e=[UNIQID]
2/28/19,COD,Ituri,Komanda,37,https://mailchi.mp/sante.gouv.cd/ebola_kivu_28fev19
2/28/19,COD,Ituri,Mandima,21,https://mailchi.mp/sante.gouv.cd/ebola_kivu_28fev19
2/28/19,COD,Ituri,Nyankunde,1,https://mailchi.mp/sante.gouv.cd/ebola_kivu_28fev19
2/28/19,COD,Ituri,Rwampara (Bunia),1,https://mailchi.mp/sante.gouv.cd/ebola_kivu_28fev19
2/28/19,COD,Ituri,Tchomia,2,https://mailchi.mp/sante.gouv.cd/ebola_kivu_28fev19
2/28/19,COD,Nord-Kivu,Alimbongo,0,https://mailchi.mp/sante.gouv.cd/ebola_kivu_28fev19
2/28/19,COD,Nord-Kivu,Beni,235,https://mailchi.mp/sante.gouv.cd/ebola_kivu_28fev19
2/28/19,COD,Nord-Kivu,Biena,5,https://mailchi.mp/sante.gouv.cd/ebola_kivu_28fev19
2/28/19,COD,Nord-Kivu,Butembo,78,https://mailchi.mp/sante.gouv.cd/ebola_kivu_28fev19
2/28/19,COD,Nord-Kivu,Goma,0,https://mailchi.mp/sante.gouv.cd/ebola_kivu_28fev19
2/28/19,COD,Nord-Kivu,Kalunguta,58,https://mailchi.mp/sante.gouv.cd/ebola_kivu_28fev19
2/28/19,COD,Nord-Kivu,Katwa,250,https://mailchi.mp/sante.gouv.cd/ebola_kivu_28fev19
2/28/19,COD,Nord-Kivu,Kayina,5,https://mailchi.mp/sante.gouv.cd/ebola_kivu_28fev19
2/28/19,COD,Nord-Kivu,Kyondo,17,https://mailchi.mp/sante.gouv.cd/ebola_kivu_28fev19
2/28/19,COD,Nord-Kivu,Lubero,0,https://mailchi.mp/sante.gouv.cd/ebola_kivu_28fev19
2/28/19,COD,Nord-Kivu,Mabalako,106,https://mailchi.mp/sante.gouv.cd/ebola_kivu_28fev19
2/28/19,COD,Nord-Kivu,Mangurujipa,5,https://mailchi.mp/sante.gouv.cd/ebola_kivu_28fev19
2/28/19,COD,Nord-Kivu,Masereka,9,https://mailchi.mp/sante.gouv.cd/ebola_kivu_28fev19
2/28/19,COD,Nord-Kivu,Musienene,7,https://mailchi.mp/sante.gouv.cd/ebola_kivu_28fev19
2/28/19,COD,Nord-Kivu,Mutwanga,4,https://mailchi.mp/sante.gouv.cd/ebola_kivu_28fev19
2/28/19,COD,Nord-Kivu,Oicha,30,https://mailchi.mp/sante.gouv.cd/ebola_kivu_28fev19
2/28/19,COD,Nord-Kivu,Vuhovi,14,https://mailchi.mp/sante.gouv.cd/ebola_kivu_28fev19
3/31/19,COD,Ituri,Bunia,1,https://mailchi.mp/sante.gouv.cd/ebola_kivu_31mar19
3/31/19,COD,Ituri,Komanda,36,https://mailchi.mp/sante.gouv.cd/ebola_kivu_31mar19
3/31/19,COD,Ituri,Mandima,50,https://mailchi.mp/sante.gouv.cd/ebola_kivu_31mar19
3/31/19,COD,Ituri,Nyankunde,1,https://mailchi.mp/sante.gouv.cd/ebola_kivu_31mar19
3/31/19,COD,Ituri,Rwampara,1,https://mailchi.mp/sante.gouv.cd/ebola_kivu_31mar19
3/31/19,COD,Ituri,Tchomia,2,https://mailchi.mp/sante.gouv.cd/ebola_kivu_31mar19
3/31/19,COD,Nord-Kivu,Alimbongo,0,https://mailchi.mp/sante.gouv.cd/ebola_kivu_31mar19
3/31/19,COD,Nord-Kivu,Beni,247,https://mailchi.mp/sante.gouv.cd/ebola_kivu_31mar19
3/31/19,COD,Nord-Kivu,Biena,6,https://mailchi.mp/sante.gouv.cd/ebola_kivu_31mar19
3/31/19,COD,Nord-Kivu,Butembo,98,https://mailchi.mp/sante.gouv.cd/ebola_kivu_31mar19
3/31/19,COD,Nord-Kivu,Goma,0,https://mailchi.mp/sante.gouv.cd/ebola_kivu_31mar19
3/31/19,COD,Nord-Kivu,Kalunguta,61,https://mailchi.mp/sante.gouv.cd/ebola_kivu_31mar19
3/31/19,COD,Nord-Kivu,Katwa,313,https://mailchi.mp/sante.gouv.cd/ebola_kivu_31mar19
3/31/19,COD,Nord-Kivu,Kayina,8,https://mailchi.mp/sante.gouv.cd/ebola_kivu_31mar19
3/31/19,COD,Nord-Kivu,Kyondo,18,https://mailchi.mp/sante.gouv.cd/ebola_kivu_31mar19
3/31/19,COD,Nord-Kivu,Lubero,4,https://mailchi.mp/sante.gouv.cd/ebola_kivu_31mar19
3/31/19,COD,Nord-Kivu,Mabalako,106,https://mailchi.mp/sante.gouv.cd/ebola_kivu_31mar19
3/31/19,COD,Nord-Kivu,Mangurujipa,5,https://mailchi.mp/sante.gouv.cd/ebola_kivu_31mar19
3/31/19,COD,Nord-Kivu,Masereka,29,https://mailchi.mp/sante.gouv.cd/ebola_kivu_31mar19
3/31/19,COD,Nord-Kivu,Musienene,8,https://mailchi.mp/sante.gouv.cd/ebola_kivu_31mar19
3/31/19,COD,Nord-Kivu,Mutwanga,4,https://mailchi.mp/sante.gouv.cd/ebola_kivu_31mar19
3/31/19,COD,Nord-Kivu,Oicha,38,https://mailchi.mp/sante.gouv.cd/ebola_kivu_31mar19
3/31/19,COD,Nord-Kivu,Vuhovi,46,https://mailchi.mp/sante.gouv.cd/ebola_kivu_31mar19
4/30/19,COD,Ituri,Bunia,1,https://mailchi.mp/sante.gouv.cd/ebola_kivu_30avr19
4/30/19,COD,Ituri,Komanda,37,https://mailchi.mp/sante.gouv.cd/ebola_kivu_30avr19
4/30/19,COD,Ituri,Mambasa,0,https://mailchi.mp/sante.gouv.cd/ebola_kivu_30avr19
4/30/19,COD,Ituri,Mandima,97,https://mailchi.mp/sante.gouv.cd/ebola_kivu_30avr19
4/30/19,COD,Ituri,Nyankunde,1,https://mailchi.mp/sante.gouv.cd/ebola_kivu_30avr19
4/30/19,COD,Ituri,Rwampara,1,https://mailchi.mp/sante.gouv.cd/ebola_kivu_30avr19
4/30/19,COD,Ituri,Tchomia,2,https://mailchi.mp/sante.gouv.cd/ebola_kivu_30avr19
4/30/19,COD,Nord-Kivu,Alimbongo,0,https://mailchi.mp/sante.gouv.cd/ebola_kivu_30avr19
4/30/19,COD,Nord-Kivu,Beni,270,https://mailchi.mp/sante.gouv.cd/ebola_kivu_30avr19
4/30/19,COD,Nord-Kivu,Biena,7,https://mailchi.mp/sante.gouv.cd/ebola_kivu_30avr19
4/30/19,COD,Nord-Kivu,Butembo,145,https://mailchi.mp/sante.gouv.cd/ebola_kivu_30avr19
4/30/19,COD,Nord-Kivu,Goma,0,https://mailchi.mp/sante.gouv.cd/ebola_kivu_30avr19
4/30/19,COD,Nord-Kivu,Kalunguta,73,https://mailchi.mp/sante.gouv.cd/ebola_kivu_30avr19
4/30/19,COD,Nord-Kivu,Katwa,502,https://mailchi.mp/sante.gouv.cd/ebola_kivu_30avr19
4/30/19,COD,Nord-Kivu,Kayina,8,https://mailchi.mp/sante.gouv.cd/ebola_kivu_30avr19
4/30/19,COD,Nord-Kivu,Kyondo,19,https://mailchi.mp/sante.gouv.cd/ebola_kivu_30avr19
4/30/19,COD,Nord-Kivu,Lubero,4,https://mailchi.mp/sante.gouv.cd/ebola_kivu_30avr19
4/30/19,COD,Nord-Kivu,Mabalako,127,https://mailchi.mp/sante.gouv.cd/ebola_kivu_30avr19
4/30/19,COD,Nord-Kivu,Mangurujipa,5,https://mailchi.mp/sante.gouv.cd/ebola_kivu_30avr19
4/30/19,COD,Nord-Kivu,Masereka,34,https://mailchi.mp/sante.gouv.cd/ebola_kivu_30avr19
4/30/19,COD,Nord-Kivu,Musienene,23,https://mailchi.mp/sante.gouv.cd/ebola_kivu_30avr19
4/30/19,COD,Nord-Kivu,Mutwanga,5,https://mailchi.mp/sante.gouv.cd/ebola_kivu_30avr19
4/30/19,COD,Nord-Kivu,Oicha,40,https://mailchi.mp/sante.gouv.cd/ebola_kivu_30avr19
4/30/19,COD,Nord-Kivu,Vuhovi,79,https://mailchi.mp/sante.gouv.cd/ebola_kivu_30avr19
5/31/19,COD,Ituri,Bunia,1,https://mailchi.mp/sante.gouv.cd/ebola_kivu_31mai19
5/31/19,COD,Ituri,Komanda,37,https://mailchi.mp/sante.gouv.cd/ebola_kivu_31mai19
5/31/19,COD,Ituri,Mambasa,0,https://mailchi.mp/sante.gouv.cd/ebola_kivu_31mai19
5/31/19,COD,Ituri,Mandima,139,https://mailchi.mp/sante.gouv.cd/ebola_kivu_31mai19
5/31/19,COD,Ituri,Nyankunde,1,https://mailchi.mp/sante.gouv.cd/ebola_kivu_31mai19
5/31/19,COD,Ituri,Rwampara,1,https://mailchi.mp/sante.gouv.cd/ebola_kivu_31mai19
5/31/19,COD,Ituri,Tchomia,2,https://mailchi.mp/sante.gouv.cd/ebola_kivu_31mai19
5/31/19,COD,Nord-Kivu,Alimbongo,1,https://mailchi.mp/sante.gouv.cd/ebola_kivu_31mai19
5/31/19,COD,Nord-Kivu,Beni,319,https://mailchi.mp/sante.gouv.cd/ebola_kivu_31mai19
5/31/19,COD,Nord-Kivu,Biena,9,https://mailchi.mp/sante.gouv.cd/ebola_kivu_31mai19
5/31/19,COD,Nord-Kivu,Butembo,223,https://mailchi.mp/sante.gouv.cd/ebola_kivu_31mai19
5/31/19,COD,Nord-Kivu,Goma,0,https://mailchi.mp/sante.gouv.cd/ebola_kivu_31mai19
5/31/19,COD,Nord-Kivu,Kalunguta,120,https://mailchi.mp/sante.gouv.cd/ebola_kivu_31mai19
5/31/19,COD,Nord-Kivu,Katwa,596,https://mailchi.mp/sante.gouv.cd/ebola_kivu_31mai19
5/31/19,COD,Nord-Kivu,Kayina,8,https://mailchi.mp/sante.gouv.cd/ebola_kivu_31mai19
5/31/19,COD,Nord-Kivu,Kyondo,21,https://mailchi.mp/sante.gouv.cd/ebola_kivu_31mai19
5/31/19,COD,Nord-Kivu,Lubero,13,https://mailchi.mp/sante.gouv.cd/ebola_kivu_31mai19
5/31/19,COD,Nord-Kivu,Mabalako,225,https://mailchi.mp/sante.gouv.cd/ebola_kivu_31mai19
5/31/19,COD,Nord-Kivu,Mangurujipa,11,https://mailchi.mp/sante.gouv.cd/ebola_kivu_31mai19
5/31/19,COD,Nord-Kivu,Masereka,44,https://mailchi.mp/sante.gouv.cd/ebola_kivu_31mai19
5/31/19,COD,Nord-Kivu,Musienene,59,https://mailchi.mp/sante.gouv.cd/ebola_kivu_31mai19
5/31/19,COD,Nord-Kivu,Mutwanga,5,https://mailchi.mp/sante.gouv.cd/ebola_kivu_31mai19
5/31/19,COD,Nord-Kivu,Oicha,41,https://mailchi.mp/sante.gouv.cd/ebola_kivu_31mai19
5/31/19,COD,Nord-Kivu,Vuhovi,98,https://mailchi.mp/sante.gouv.cd/ebola_kivu_31mai19
6/30/19,COD,Ituri,Bunia,4,https://mailchi.mp/sante.gouv.cd/ebola_kivu_30juin19
6/30/19,COD,Ituri,Komanda,39,https://mailchi.mp/sante.gouv.cd/ebola_kivu_30juin19
6/30/19,COD,Ituri,Mambasa,0,https://mailchi.mp/sante.gouv.cd/ebola_kivu_30juin19
6/30/19,COD,Ituri,Mandima,175,https://mailchi.mp/sante.gouv.cd/ebola_kivu_30juin19
6/30/19,COD,Ituri,Nyankunde,1,https://mailchi.mp/sante.gouv.cd/ebola_kivu_30juin19
6/30/19,COD,Ituri,Rwampara,8,https://mailchi.mp/sante.gouv.cd/ebola_kivu_30juin19
6/30/19,COD,Ituri,Tchomia,2,https://mailchi.mp/sante.gouv.cd/ebola_kivu_30juin19
6/30/19,COD,Nord-Kivu,Alimbongo,2,https://mailchi.mp/sante.gouv.cd/ebola_kivu_30juin19
6/30/19,COD,Nord-Kivu,Beni,391,https://mailchi.mp/sante.gouv.cd/ebola_kivu_30juin19
6/30/19,COD,Nord-Kivu,Biena,14,https://mailchi.mp/sante.gouv.cd/ebola_kivu_30juin19
6/30/19,COD,Nord-Kivu,Butembo,248,https://mailchi.mp/sante.gouv.cd/ebola_kivu_30juin19
6/30/19,COD,Nord-Kivu,Goma,0,https://mailchi.mp/sante.gouv.cd/ebola_kivu_30juin19
6/30/19,COD,Nord-Kivu,Kalunguta,136,https://mailchi.mp/sante.gouv.cd/ebola_kivu_30juin19
6/30/19,COD,Nord-Kivu,Katwa,619,https://mailchi.mp/sante.gouv.cd/ebola_kivu_30juin19
6/30/19,COD,Nord-Kivu,Kayina,8,https://mailchi.mp/sante.gouv.cd/ebola_kivu_30juin19
6/30/19,COD,Nord-Kivu,Kyondo,24,https://mailchi.mp/sante.gouv.cd/ebola_kivu_30juin19
6/30/19,COD,Nord-Kivu,Lubero,26,https://mailchi.mp/sante.gouv.cd/ebola_kivu_30juin19
6/30/19,COD,Nord-Kivu,Mabalako,338,https://mailchi.mp/sante.gouv.cd/ebola_kivu_30juin19
6/30/19,COD,Nord-Kivu,Mangurujipa,17,https://mailchi.mp/sante.gouv.cd/ebola_kivu_30juin19
6/30/19,COD,Nord-Kivu,Masereka,52,https://mailchi.mp/sante.gouv.cd/ebola_kivu_30juin19
6/30/19,COD,Nord-Kivu,Musienene,72,https://mailchi.mp/sante.gouv.cd/ebola_kivu_30juin19
6/30/19,COD,Nord-Kivu,Mutwanga,8,https://mailchi.mp/sante.gouv.cd/ebola_kivu_30juin19
6/30/19,COD,Nord-Kivu,Oicha,42,https://mailchi.mp/sante.gouv.cd/ebola_kivu_30juin19
6/30/19,COD,Nord-Kivu,Vuhovi,99,https://mailchi.mp/sante.gouv.cd/ebola_kivu_30juin19
7/31/19,COD,Ituri,Ariwara,1,https://mailchi.mp/sante.gouv.cd/ebola_kivu_31juil19
7/31/19,COD,Ituri,Bunia,4,https://mailchi.mp/sante.gouv.cd/ebola_kivu_31juil19
7/31/19,COD,Ituri,Komanda,43,https://mailchi.mp/sante.gouv.cd/ebola_kivu_31juil19
7/31/19,COD,Ituri,Mambasa,6,https://mailchi.mp/sante.gouv.cd/ebola_kivu_31juil19
7/31/19,COD,Ituri,Mandima,219,https://mailchi.mp/sante.gouv.cd/ebola_kivu_31juil19
7/31/19,COD,Ituri,Nyankunde,1,https://mailchi.mp/sante.gouv.cd/ebola_kivu_31juil19
7/31/19,COD,Ituri,Rwampara,8,https://mailchi.mp/sante.gouv.cd/ebola_kivu_31juil19
7/31/19,COD,Ituri,Tchomia,2,https://mailchi.mp/sante.gouv.cd/ebola_kivu_31juil19
7/31/19,COD,Nord-Kivu,Alimbongo,4,https://mailchi.mp/sante.gouv.cd/ebola_kivu_31juil19
7/31/19,COD,Nord-Kivu,Beni,584,https://mailchi.mp/sante.gouv.cd/ebola_kivu_31juil19
7/31/19,COD,Nord-Kivu,Biena,16,https://mailchi.mp/sante.gouv.cd/ebola_kivu_31juil19
7/31/19,COD,Nord-Kivu,Butembo,259,https://mailchi.mp/sante.gouv.cd/ebola_kivu_31juil19
7/31/19,COD,Nord-Kivu,Goma,1,https://mailchi.mp/sante.gouv.cd/ebola_kivu_31juil19
7/31/19,COD,Nord-Kivu,Kalunguta,148,https://mailchi.mp/sante.gouv.cd/ebola_kivu_31juil19
7/31/19,COD,Nord-Kivu,Katwa,640,https://mailchi.mp/sante.gouv.cd/ebola_kivu_31juil19
7/31/19,COD,Nord-Kivu,Kayina,10,https://mailchi.mp/sante.gouv.cd/ebola_kivu_31juil19
7/31/19,COD,Nord-Kivu,Kyondo,24,https://mailchi.mp/sante.gouv.cd/ebola_kivu_31juil19
7/31/19,COD,Nord-Kivu,Lubero,33,https://mailchi.mp/sante.gouv.cd/ebola_kivu_31juil19
7/31/19,COD,Nord-Kivu,Mabalako,374,https://mailchi.mp/sante.gouv.cd/ebola_kivu_31juil19
7/31/19,COD,Nord-Kivu,Mangurujipa,20,https://mailchi.mp/sante.gouv.cd/ebola_kivu_31juil19
7/31/19,COD,Nord-Kivu,Masereka,55,https://mailchi.mp/sante.gouv.cd/ebola_kivu_31juil19
7/31/19,COD,Nord-Kivu,Musienene,72,https://mailchi.mp/sante.gouv.cd/ebola_kivu_31juil19
7/31/19,COD,Nord-Kivu,Mutwanga,15,https://mailchi.mp/sante.gouv.cd/ebola_kivu_31juil19
7/31/19,COD,Nord-Kivu,Nyiragongo,1,https://mailchi.mp/sante.gouv.cd/ebola_kivu_31juil19
7/31/19,COD,Nord-Kivu,Oicha,50,https://mailchi.mp/sante.gouv.cd/ebola_kivu_31juil19
7/31/19,COD,Nord-Kivu,Vuhovi,111,https://mailchi.mp/sante.gouv.cd/ebola_kivu_31juil19
8/31/19,COD,Ituri,Ariwara,1,WHO RAPPORT DE SITUATION N°377
8/31/19,COD,Ituri,Bunia,4,WHO RAPPORT DE SITUATION N°377
8/31/19,COD,Ituri,Komanda,52,WHO RAPPORT DE SITUATION N°377
8/31/19,COD,Ituri,Lolwa,3,WHO RAPPORT DE SITUATION N°377
8/31/19,COD,Ituri,Mambasa,30,WHO RAPPORT DE SITUATION N°377
8/31/19,COD,Ituri,Mandima,267,WHO RAPPORT DE SITUATION N°377
8/31/19,COD,Ituri,Nyankunde,1,WHO RAPPORT DE SITUATION N°377
8/31/19,COD,Ituri,Rwampara,8,WHO RAPPORT DE SITUATION N°377
8/31/19,COD,Ituri,Tchomia,2,WHO RAPPORT DE SITUATION N°377
8/31/19,COD,Nord-Kivu,Alimbongo,5,WHO RAPPORT DE SITUATION N°377
8/31/19,COD,Nord-Kivu,Beni,669,WHO RAPPORT DE SITUATION N°377
8/31/19,COD,Nord-Kivu,Biena,17,WHO RAPPORT DE SITUATION N°377
8/31/19,COD,Nord-Kivu,Butembo,279,WHO RAPPORT DE SITUATION N°377
8/31/19,COD,Nord-Kivu,Goma,1,WHO RAPPORT DE SITUATION N°377
8/31/19,COD,Nord-Kivu,Kalunguta,177,WHO RAPPORT DE SITUATION N°377
8/31/19,COD,Nord-Kivu,Katwa,669,WHO RAPPORT DE SITUATION N°377
8/31/19,COD,Nord-Kivu,Kayna,22,WHO RAPPORT DE SITUATION N°377
8/31/19,COD,Nord-Kivu,Kyondo,24,WHO RAPPORT DE SITUATION N°377
8/31/19,COD,Nord-Kivu,Lubero,33,WHO RAPPORT DE SITUATION N°377
8/31/19,COD,Nord-Kivu,Mabalako,388,WHO RAPPORT DE SITUATION N°377
8/31/19,COD,Nord-Kivu,Mangurujipa,18,WHO RAPPORT DE SITUATION N°377
8/31/19,COD,Nord-Kivu,Masereka,56,WHO RAPPORT DE SITUATION N°377
8/31/19,COD,Nord-Kivu,Musienene,84,WHO RAPPORT DE SITUATION N°377
8/31/19,COD,Nord-Kivu,Mutwanga,31,WHO RAPPORT DE SITUATION N°377
8/31/19,COD,Nord-Kivu,Nyiragongo,3,WHO RAPPORT DE SITUATION N°377
8/31/19,COD,Nord-Kivu,Oicha,55,WHO RAPPORT DE SITUATION N°377
8/31/19,COD,Nord-Kivu,Pinga,1,WHO RAPPORT DE SITUATION N°377
8/31/19,COD,Nord-Kivu,Vuhovi,117,WHO RAPPORT DE SITUATION N°377
9/30/19,COD,Ituri,Ariwara,1,https://mailchi.mp/d1577216e153/situation-pidmiologique-au-30-septembre-2019?e=d0c10fcf41
9/30/19,COD,Ituri,Bunia,5,https://mailchi.mp/d1577216e153/situation-pidmiologique-au-30-septembre-2019?e=d0c10fcf41
9/30/19,COD,Ituri,Komanda,66,https://mailchi.mp/d1577216e153/situation-pidmiologique-au-30-septembre-2019?e=d0c10fcf41
9/30/19,COD,Ituri,Lolwa,4,https://mailchi.mp/d1577216e153/situation-pidmiologique-au-30-septembre-2019?e=d0c10fcf41
9/30/19,COD,Ituri,Mambasa,73,https://mailchi.mp/d1577216e153/situation-pidmiologique-au-30-septembre-2019?e=d0c10fcf41
9/30/19,COD,Ituri,Mandima,301,https://mailchi.mp/d1577216e153/situation-pidmiologique-au-30-septembre-2019?e=d0c10fcf41
9/30/19,COD,Ituri,Nyankunde,1,https://mailchi.mp/d1577216e153/situation-pidmiologique-au-30-septembre-2019?e=d0c10fcf41
9/30/19,COD,Ituri,Rwampara,8,https://mailchi.mp/d1577216e153/situation-pidmiologique-au-30-septembre-2019?e=d0c10fcf41
9/30/19,COD,Ituri,Tchomia,2,https://mailchi.mp/d1577216e153/situation-pidmiologique-au-30-septembre-2019?e=d0c10fcf41
9/30/19,COD,Nord-Kivu,Alimbongo,5,https://mailchi.mp/d1577216e153/situation-pidmiologique-au-30-septembre-2019?e=d0c10fcf41
9/30/19,COD,Nord-Kivu,Beni,684,https://mailchi.mp/d1577216e153/situation-pidmiologique-au-30-septembre-2019?e=d0c10fcf41
9/30/19,COD,Nord-Kivu,Biena,20,https://mailchi.mp/d1577216e153/situation-pidmiologique-au-30-septembre-2019?e=d0c10fcf41
9/30/19,COD,Nord-Kivu,Butembo,286,https://mailchi.mp/d1577216e153/situation-pidmiologique-au-30-septembre-2019?e=d0c10fcf41
9/30/19,COD,Nord-Kivu,Goma,1,https://mailchi.mp/d1577216e153/situation-pidmiologique-au-30-septembre-2019?e=d0c10fcf41
9/30/19,COD,Nord-Kivu,Kalunguta,206,https://mailchi.mp/d1577216e153/situation-pidmiologique-au-30-septembre-2019?e=d0c10fcf41
9/30/19,COD,Nord-Kivu,Katwa,673,https://mailchi.mp/d1577216e153/situation-pidmiologique-au-30-septembre-2019?e=d0c10fcf41
9/30/19,COD,Nord-Kivu,Kayna,27,https://mailchi.mp/d1577216e153/situation-pidmiologique-au-30-septembre-2019?e=d0c10fcf41
9/30/19,COD,Nord-Kivu,Kyondo,29,https://mailchi.mp/d1577216e153/situation-pidmiologique-au-30-septembre-2019?e=d0c10fcf41
9/30/19,COD,Nord-Kivu,Lubero,33,https://mailchi.mp/d1577216e153/situation-pidmiologique-au-30-septembre-2019?e=d0c10fcf41
9/30/19,COD,Nord-Kivu,Mabalako,390,https://mailchi.mp/d1577216e153/situation-pidmiologique-au-30-septembre-2019?e=d0c10fcf41
9/30/19,COD,Nord-Kivu,Mangurujipa,18,https://mailchi.mp/d1577216e153/situation-pidmiologique-au-30-septembre-2019?e=d0c10fcf41
9/30/19,COD,Nord-Kivu,Masereka,56,https://mailchi.mp/d1577216e153/situation-pidmiologique-au-30-septembre-2019?e=d0c10fcf41
9/30/19,COD,Nord-Kivu,Musienene,85,https://mailchi.mp/d1577216e153/situation-pidmiologique-au-30-septembre-2019?e=d0c10fcf41
9/30/19,COD,Nord-Kivu,Mutwanga,32,https://mailchi.mp/d1577216e153/situation-pidmiologique-au-30-septembre-2019?e=d0c10fcf41
9/30/19,COD,Nord-Kivu,Nyiragongo,3,https://mailchi.mp/d1577216e153/situation-pidmiologique-au-30-septembre-2019?e=d0c10fcf41
9/30/19,COD,Nord-Kivu,Oicha,58,https://mailchi.mp/d1577216e153/situation-pidmiologique-au-30-septembre-2019?e=d0c10fcf41
9/30/19,COD,Nord-Kivu,Pinga,1,https://mailchi.mp/d1577216e153/situation-pidmiologique-au-30-septembre-2019?e=d0c10fcf41
9/30/19,COD,Nord-Kivu,Vuhovi,117,https://mailchi.mp/d1577216e153/situation-pidmiologique-au-30-septembre-2019?e=d0c10fcf41
10/31/19,COD,Ituri,Ariwara,1,https://mailchi.mp/314467f5cb76/situation-pidmiologique-du-31-octobre-2019?e=d0c10fcf41
10/31/19,COD,Ituri,Bunia,5,https://mailchi.mp/314467f5cb76/situation-pidmiologique-du-31-octobre-2019?e=d0c10fcf41
10/31/19,COD,Ituri,Komanda,66,https://mailchi.mp/314467f5cb76/situation-pidmiologique-du-31-octobre-2019?e=d0c10fcf41
10/31/19,COD,Ituri,Lolwa,6,https://mailchi.mp/314467f5cb76/situation-pidmiologique-du-31-octobre-2019?e=d0c10fcf41
10/31/19,COD,Ituri,Mambasa,81,https://mailchi.mp/314467f5cb76/situation-pidmiologique-du-31-octobre-2019?e=d0c10fcf41
10/31/19,COD,Ituri,Mandima,342,https://mailchi.mp/314467f5cb76/situation-pidmiologique-du-31-octobre-2019?e=d0c10fcf41
10/31/19,COD,Ituri,Nyankunde,2,https://mailchi.mp/314467f5cb76/situation-pidmiologique-du-31-octobre-2019?e=d0c10fcf41
10/31/19,COD,Ituri,Rwampara,8,https://mailchi.mp/314467f5cb76/situation-pidmiologique-du-31-octobre-2019?e=d0c10fcf41
10/31/19,COD,Ituri,Tchomia,2,https://mailchi.mp/314467f5cb76/situation-pidmiologique-du-31-octobre-2019?e=d0c10fcf41
10/31/19,COD,Nord-Kivu,Alimbongo,5,https://mailchi.mp/314467f5cb76/situation-pidmiologique-du-31-octobre-2019?e=d0c10fcf41
10/31/19,COD,Nord-Kivu,Beni,689,https://mailchi.mp/314467f5cb76/situation-pidmiologique-du-31-octobre-2019?e=d0c10fcf41
10/31/19,COD,Nord-Kivu,Biena,20,https://mailchi.mp/314467f5cb76/situation-pidmiologique-du-31-octobre-2019?e=d0c10fcf41
10/31/19,COD,Nord-Kivu,Butembo,287,https://mailchi.mp/314467f5cb76/situation-pidmiologique-du-31-octobre-2019?e=d0c10fcf41
10/31/19,COD,Nord-Kivu,Goma,1,https://mailchi.mp/314467f5cb76/situation-pidmiologique-du-31-octobre-2019?e=d0c10fcf41
10/31/19,COD,Nord-Kivu,Kalunguta,211,https://mailchi.mp/314467f5cb76/situation-pidmiologique-du-31-octobre-2019?e=d0c10fcf41
10/31/19,COD,Nord-Kivu,Katwa,675,https://mailchi.mp/314467f5cb76/situation-pidmiologique-du-31-octobre-2019?e=d0c10fcf41
10/31/19,COD,Nord-Kivu,Kayna,27,https://mailchi.mp/314467f5cb76/situation-pidmiologique-du-31-octobre-2019?e=d0c10fcf41
10/31/19,COD,Nord-Kivu,Kyondo,29,https://mailchi.mp/314467f5cb76/situation-pidmiologique-du-31-octobre-2019?e=d0c10fcf41
10/31/19,COD,Nord-Kivu,Lubero,33,https://mailchi.mp/314467f5cb76/situation-pidmiologique-du-31-octobre-2019?e=d0c10fcf41
10/31/19,COD,Nord-Kivu,Mabalako,402,https://mailchi.mp/314467f5cb76/situation-pidmiologique-du-31-octobre-2019?e=d0c10fcf41
10/31/19,COD,Nord-Kivu,Mangurujipa,18,https://mailchi.mp/314467f5cb76/situation-pidmiologique-du-31-octobre-2019?e=d0c10fcf41
10/31/19,COD,Nord-Kivu,Masereka,56,https://mailchi.mp/314467f5cb76/situation-pidmiologique-du-31-octobre-2019?e=d0c10fcf41
10/31/19,COD,Nord-Kivu,Musienene,85,https://mailchi.mp/314467f5cb76/situation-pidmiologique-du-31-octobre-2019?e=d0c10fcf41
10/31/19,COD,Nord-Kivu,Mutwanga,32,https://mailchi.mp/314467f5cb76/situation-pidmiologique-du-31-octobre-2019?e=d0c10fcf41
10/31/19,COD,Nord-Kivu,Nyiragongo,3,https://mailchi.mp/314467f5cb76/situation-pidmiologique-du-31-octobre-2019?e=d0c10fcf41
10/31/19,COD,Nord-Kivu,Oicha,62,https://mailchi.mp/314467f5cb76/situation-pidmiologique-du-31-octobre-2019?e=d0c10fcf41
10/31/19,COD,Nord-Kivu,Pinga,1,https://mailchi.mp/314467f5cb76/situation-pidmiologique-du-31-octobre-2019?e=d0c10fcf41
10/31/19,COD,Nord-Kivu,Vuhovi,117,https://mailchi.mp/314467f5cb76/situation-pidmiologique-du-31-octobre-2019?e=d0c10fcf41
11/30/19,COD,Ituri,Ariwara,1,https://mailchi.mp/94a293d5551f/situation-pidmiologique-du-16-novembre-3765157?e=d0c10fcf41
11/30/19,COD,Ituri,Bunia,5,https://mailchi.mp/94a293d5551f/situation-pidmiologique-du-16-novembre-3765157?e=d0c10fcf41
11/30/19,COD,Ituri,Komanda,66,https://mailchi.mp/94a293d5551f/situation-pidmiologique-du-16-novembre-3765157?e=d0c10fcf41
11/30/19,COD,Ituri,Lolwa,6,https://mailchi.mp/94a293d5551f/situation-pidmiologique-du-16-novembre-3765157?e=d0c10fcf41
11/30/19,COD,Ituri,Mambasa,81,https://mailchi.mp/94a293d5551f/situation-pidmiologique-du-16-novembre-3765157?e=d0c10fcf41
11/30/19,COD,Ituri,Mandima,349,https://mailchi.mp/94a293d5551f/situation-pidmiologique-du-16-novembre-3765157?e=d0c10fcf41
11/30/19,COD,Ituri,Nyankunde,2,https://mailchi.mp/94a293d5551f/situation-pidmiologique-du-16-novembre-3765157?e=d0c10fcf41
11/30/19,COD,Ituri,Rwampara,8,https://mailchi.mp/94a293d5551f/situation-pidmiologique-du-16-novembre-3765157?e=d0c10fcf41
11/30/19,COD,Ituri,Tchomia,2,https://mailchi.mp/94a293d5551f/situation-pidmiologique-du-16-novembre-3765157?e=d0c10fcf41
11/30/19,COD,Nord-Kivu,Alimbongo,5,https://mailchi.mp/94a293d5551f/situation-pidmiologique-du-16-novembre-3765157?e=d0c10fcf41
11/30/19,COD,Nord-Kivu,Beni,698,https://mailchi.mp/94a293d5551f/situation-pidmiologique-du-16-novembre-3765157?e=d0c10fcf41
11/30/19,COD,Nord-Kivu,Biena,20,https://mailchi.mp/94a293d5551f/situation-pidmiologique-du-16-novembre-3765157?e=d0c10fcf41
11/30/19,COD,Nord-Kivu,Butembo,287,https://mailchi.mp/94a293d5551f/situation-pidmiologique-du-16-novembre-3765157?e=d0c10fcf41
11/30/19,COD,Nord-Kivu,Goma,1,https://mailchi.mp/94a293d5551f/situation-pidmiologique-du-16-novembre-3765157?e=d0c10fcf41
11/30/19,COD,Nord-Kivu,Kalunguta,212,https://mailchi.mp/94a293d5551f/situation-pidmiologique-du-16-novembre-3765157?e=d0c10fcf41
11/30/19,COD,Nord-Kivu,Katwa,675,https://mailchi.mp/94a293d5551f/situation-pidmiologique-du-16-novembre-3765157?e=d0c10fcf41
11/30/19,COD,Nord-Kivu,Kayna,27,https://mailchi.mp/94a293d5551f/situation-pidmiologique-du-16-novembre-3765157?e=d0c10fcf41
11/30/19,COD,Nord-Kivu,Kyondo,29,https://mailchi.mp/94a293d5551f/situation-pidmiologique-du-16-novembre-3765157?e=d0c10fcf41
11/30/19,COD,Nord-Kivu,Lubero,33,https://mailchi.mp/94a293d5551f/situation-pidmiologique-du-16-novembre-3765157?e=d0c10fcf41
11/30/19,COD,Nord-Kivu,Mabalako,421,https://mailchi.mp/94a293d5551f/situation-pidmiologique-du-16-novembre-3765157?e=d0c10fcf41
11/30/19,COD,Nord-Kivu,Mangurujipa,18,https://mailchi.mp/94a293d5551f/situation-pidmiologique-du-16-novembre-3765157?e=d0c10fcf41
11/30/19,COD,Nord-Kivu,Masereka,56,https://mailchi.mp/94a293d5551f/situation-pidmiologique-du-16-novembre-3765157?e=d0c10fcf41
11/30/19,COD,Nord-Kivu,Musienene,85,https://mailchi.mp/94a293d5551f/situation-pidmiologique-du-16-novembre-3765157?e=d0c10fcf41
11/30/19,COD,Nord-Kivu,Mutwanga,32,https://mailchi.mp/94a293d5551f/situation-pidmiologique-du-16-novembre-3765157?e=d0c10fcf41
11/30/19,COD,Nord-Kivu,Nyiragongo,3,https://mailchi.mp/94a293d5551f/situation-pidmiologique-du-16-novembre-3765157?e=d0c10fcf41
11/30/19,COD,Nord-Kivu,Oicha,64,https://mailchi.mp/94a293d5551f/situation-pidmiologique-du-16-novembre-3765157?e=d0c10fcf41
11/30/19,COD,Nord-Kivu,Pinga,1,https://mailchi.mp/94a293d5551f/situation-pidmiologique-du-16-novembre-3765157?e=d0c10fcf41
11/30/19,COD,Nord-Kivu,Vuhovi,117,https://mailchi.mp/94a293d5551f/situation-pidmiologique-du-16-novembre-3765157?e=d0c10fcf41
12/31/19,COD,Ituri,Ariwara,1,https://mailchi.mp/65267b752f1f/situation-pidmiologique-du-31-dcembre-2019?e=d0c10fcf41
12/31/19,COD,Ituri,Bunia,5,https://mailchi.mp/65267b752f1f/situation-pidmiologique-du-31-dcembre-2019?e=d0c10fcf41
12/31/19,COD,Ituri,Komanda,66,https://mailchi.mp/65267b752f1f/situation-pidmiologique-du-31-dcembre-2019?e=d0c10fcf41
12/31/19,COD,Ituri,Lolwa,6,https://mailchi.mp/65267b752f1f/situation-pidmiologique-du-31-dcembre-2019?e=d0c10fcf41
12/31/19,COD,Ituri,Mambasa,81,https://mailchi.mp/65267b752f1f/situation-pidmiologique-du-31-dcembre-2019?e=d0c10fcf41
12/31/19,COD,Ituri,Mandima,353,https://mailchi.mp/65267b752f1f/situation-pidmiologique-du-31-dcembre-2019?e=d0c10fcf41
12/31/19,COD,Ituri,Nyankunde,2,https://mailchi.mp/65267b752f1f/situation-pidmiologique-du-31-dcembre-2019?e=d0c10fcf41
12/31/19,COD,Ituri,Rwampara,8,https://mailchi.mp/65267b752f1f/situation-pidmiologique-du-31-dcembre-2019?e=d0c10fcf41
12/31/19,COD,Ituri,Tchomia,2,https://mailchi.mp/65267b752f1f/situation-pidmiologique-du-31-dcembre-2019?e=d0c10fcf41
12/31/19,COD,Nord-Kivu,Alimbongo,5,https://mailchi.mp/65267b752f1f/situation-pidmiologique-du-31-dcembre-2019?e=d0c10fcf41
12/31/19,COD,Nord-Kivu,Beni,704,https://mailchi.mp/65267b752f1f/situation-pidmiologique-du-31-dcembre-2019?e=d0c10fcf41
12/31/19,COD,Nord-Kivu,Biena,21,https://mailchi.mp/65267b752f1f/situation-pidmiologique-du-31-dcembre-2019?e=d0c10fcf41
12/31/19,COD,Nord-Kivu,Butembo,290,https://mailchi.mp/65267b752f1f/situation-pidmiologique-du-31-dcembre-2019?e=d0c10fcf41
12/31/19,COD,Nord-Kivu,Goma,1,https://mailchi.mp/65267b752f1f/situation-pidmiologique-du-31-dcembre-2019?e=d0c10fcf41
12/31/19,COD,Nord-Kivu,Kalunguta,217,https://mailchi.mp/65267b752f1f/situation-pidmiologique-du-31-dcembre-2019?e=d0c10fcf41
12/31/19,COD,Nord-Kivu,Katwa,676,https://mailchi.mp/65267b752f1f/situation-pidmiologique-du-31-dcembre-2019?e=d0c10fcf41
12/31/19,COD,Nord-Kivu,Kayna,27,https://mailchi.mp/65267b752f1f/situation-pidmiologique-du-31-dcembre-2019?e=d0c10fcf41
12/31/19,COD,Nord-Kivu,Kyondo,29,https://mailchi.mp/65267b752f1f/situation-pidmiologique-du-31-dcembre-2019?e=d0c10fcf41
12/31/19,COD,Nord-Kivu,Lubero,33,https://mailchi.mp/65267b752f1f/situation-pidmiologique-du-31-dcembre-2019?e=d0c10fcf41
12/31/19,COD,Nord-Kivu,Mabalako,467,https://mailchi.mp/65267b752f1f/situation-pidmiologique-du-31-dcembre-2019?e=d0c10fcf41
12/31/19,COD,Nord-Kivu,Mangurujipa,18,https://mailchi.mp/65267b752f1f/situation-pidmiologique-du-31-dcembre-2019?e=d0c10fcf41
12/31/19,COD,Nord-Kivu,Masereka,56,https://mailchi.mp/65267b752f1f/situation-pidmiologique-du-31-dcembre-2019?e=d0c10fcf41
12/31/19,COD,Nord-Kivu,Musienene,85,https://mailchi.mp/65267b752f1f/situation-pidmiologique-du-31-dcembre-2019?e=d0c10fcf41
12/31/19,COD,Nord-Kivu,Mutwanga,32,https://mailchi.mp/65267b752f1f/situation-pidmiologique-du-31-dcembre-2019?e=d0c10fcf41
12/31/19,COD,Nord-Kivu,Nyiragongo,3,https://mailchi.mp/65267b752f1f/situation-pidmiologique-du-31-dcembre-2019?e=d0c10fcf41
12/31/19,COD,Nord-Kivu,Oicha,65,https://mailchi.mp/65267b752f1f/situation-pidmiologique-du-31-dcembre-2019?e=d0c10fcf41
12/31/19,COD,Nord-Kivu,Pinga,1,https://mailchi.mp/65267b752f1f/situation-pidmiologique-du-31-dcembre-2019?e=d0c10fcf41
12/31/19,COD,Nord-Kivu,Vuhovi,117,https://mailchi.mp/65267b752f1f/situation-pidmiologique-du-31-dcembre-2019?e=d0c10fcf41
1/31/20,COD,Ituri,Ariwara,1,https://mailchi.mp/d67dcfa9cbea/situation-pidmiologique-du-31-janvier-2020?e=d0c10fcf41
1/31/20,COD,Ituri,Bunia,4,https://mailchi.mp/d67dcfa9cbea/situation-pidmiologique-du-31-janvier-2020?e=d0c10fcf41
1/31/20,COD,Ituri,Komanda,66,https://mailchi.mp/d67dcfa9cbea/situation-pidmiologique-du-31-janvier-2020?e=d0c10fcf41
1/31/20,COD,Ituri,Lolwa,6,https://mailchi.mp/d67dcfa9cbea/situation-pidmiologique-du-31-janvier-2020?e=d0c10fcf41
1/31/20,COD,Ituri,Mambasa,85,https://mailchi.mp/d67dcfa9cbea/situation-pidmiologique-du-31-janvier-2020?e=d0c10fcf41
1/31/20,COD,Ituri,Mandima,353,https://mailchi.mp/d67dcfa9cbea/situation-pidmiologique-du-31-janvier-2020?e=d0c10fcf41
1/31/20,COD,Ituri,Nyankunde,2,https://mailchi.mp/d67dcfa9cbea/situation-pidmiologique-du-31-janvier-2020?e=d0c10fcf41
1/31/20,COD,Ituri,Rwampara,8,https://mailchi.mp/d67dcfa9cbea/situation-pidmiologique-du-31-janvier-2020?e=d0c10fcf41
1/31/20,COD,Ituri,Tchomia,2,https://mailchi.mp/d67dcfa9cbea/situation-pidmiologique-du-31-janvier-2020?e=d0c10fcf41
1/31/20,COD,Nord-Kivu,Alimbongo,5,https://mailchi.mp/d67dcfa9cbea/situation-pidmiologique-du-31-janvier-2020?e=d0c10fcf41
1/31/20,COD,Nord-Kivu,Beni,724,https://mailchi.mp/d67dcfa9cbea/situation-pidmiologique-du-31-janvier-2020?e=d0c10fcf41
1/31/20,COD,Nord-Kivu,Biena,21,https://mailchi.mp/d67dcfa9cbea/situation-pidmiologique-du-31-janvier-2020?e=d0c10fcf41
1/31/20,COD,Nord-Kivu,Butembo,301,https://mailchi.mp/d67dcfa9cbea/situation-pidmiologique-du-31-janvier-2020?e=d0c10fcf41
1/31/20,COD,Nord-Kivu,Goma,1,https://mailchi.mp/d67dcfa9cbea/situation-pidmiologique-du-31-janvier-2020?e=d0c10fcf41
1/31/20,COD,Nord-Kivu,Kalunguta,216,https://mailchi.mp/d67dcfa9cbea/situation-pidmiologique-du-31-janvier-2020?e=d0c10fcf41
1/31/20,COD,Nord-Kivu,Katwa,677,https://mailchi.mp/d67dcfa9cbea/situation-pidmiologique-du-31-janvier-2020?e=d0c10fcf41
1/31/20,COD,Nord-Kivu,Kayna,28,https://mailchi.mp/d67dcfa9cbea/situation-pidmiologique-du-31-janvier-2020?e=d0c10fcf41
1/31/20,COD,Nord-Kivu,Kyondo,29,https://mailchi.mp/d67dcfa9cbea/situation-pidmiologique-du-31-janvier-2020?e=d0c10fcf41
1/31/20,COD,Nord-Kivu,Lubero,33,https://mailchi.mp/d67dcfa9cbea/situation-pidmiologique-du-31-janvier-2020?e=d0c10fcf41
1/31/20,COD,Nord-Kivu,Mabalako,481,https://mailchi.mp/d67dcfa9cbea/situation-pidmiologique-du-31-janvier-2020?e=d0c10fcf41
1/31/20,COD,Nord-Kivu,Mangurujipa,18,https://mailchi.mp/d67dcfa9cbea/situation-pidmiologique-du-31-janvier-2020?e=d0c10fcf41
1/31/20,COD,Nord-Kivu,Masereka,56,https://mailchi.mp/d67dcfa9cbea/situation-pidmiologique-du-31-janvier-2020?e=d0c10fcf41
1/31/20,COD,Nord-Kivu,Musienene,86,https://mailchi.mp/d67dcfa9cbea/situation-pidmiologique-du-31-janvier-2020?e=d0c10fcf41
1/31/20,COD,Nord-Kivu,Mutwanga,32,https://mailchi.mp/d67dcfa9cbea/situation-pidmiologique-du-31-janvier-2020?e=d0c10fcf41
1/31/20,COD,Nord-Kivu,Nyiragongo,3,https://mailchi.mp/d67dcfa9cbea/situation-pidmiologique-du-31-janvier-2020?e=d0c10fcf41
1/31/20,COD,Nord-Kivu,Oicha,65,https://mailchi.mp/d67dcfa9cbea/situation-pidmiologique-du-31-janvier-2020?e=d0c10fcf41
1/31/20,COD,Nord-Kivu,Pinga,1,https://mailchi.mp/d67dcfa9cbea/situation-pidmiologique-du-31-janvier-2020?e=d0c10fcf41
1/31/20,COD,Nord-Kivu,Vuhovi,117,https://mailchi.mp/d67dcfa9cbea/situation-pidmiologique-du-31-janvier-2020?e=d0c10fcf41
2/29/20,COD,Ituri,Ariwara,1,https://mailchi.mp/18af4f74faf6/situation-pidmiologique-du-29-fvrier-2020?e=d0c10fcf41
2/29/20,COD,Ituri,Bunia,4,https://mailchi.mp/18af4f74faf6/situation-pidmiologique-du-29-fvrier-2020?e=d0c10fcf41
2/29/20,COD,Ituri,Komanda,66,https://mailchi.mp/18af4f74faf6/situation-pidmiologique-du-29-fvrier-2020?e=d0c10fcf41
2/29/20,COD,Ituri,Lolwa,6,https://mailchi.mp/18af4f74faf6/situation-pidmiologique-du-29-fvrier-2020?e=d0c10fcf41
2/29/20,COD,Ituri,Mambasa,86,https://mailchi.mp/18af4f74faf6/situation-pidmiologique-du-29-fvrier-2020?e=d0c10fcf41
2/29/20,COD,Ituri,Mandima,357,https://mailchi.mp/18af4f74faf6/situation-pidmiologique-du-29-fvrier-2020?e=d0c10fcf41
2/29/20,COD,Ituri,Nyankunde,2,https://mailchi.mp/18af4f74faf6/situation-pidmiologique-du-29-fvrier-2020?e=d0c10fcf41
2/29/20,COD,Ituri,Rwampara,8,https://mailchi.mp/18af4f74faf6/situation-pidmiologique-du-29-fvrier-2020?e=d0c10fcf41
2/29/20,COD,Ituri,Tchomia,2,https://mailchi.mp/18af4f74faf6/situation-pidmiologique-du-29-fvrier-2020?e=d0c10fcf41
2/29/20,COD,Nord-Kivu,Alimbongo,6,https://mailchi.mp/18af4f74faf6/situation-pidmiologique-du-29-fvrier-2020?e=d0c10fcf41
2/29/20,COD,Nord-Kivu,Beni,730,https://mailchi.mp/18af4f74faf6/situation-pidmiologique-du-29-fvrier-2020?e=d0c10fcf41
2/29/20,COD,Nord-Kivu,Biena,21,https://mailchi.mp/18af4f74faf6/situation-pidmiologique-du-29-fvrier-2020?e=d0c10fcf41
2/29/20,COD,Nord-Kivu,Butembo,302,https://mailchi.mp/18af4f74faf6/situation-pidmiologique-du-29-fvrier-2020?e=d0c10fcf41
2/29/20,COD,Nord-Kivu,Goma,1,https://mailchi.mp/18af4f74faf6/situation-pidmiologique-du-29-fvrier-2020?e=d0c10fcf41
2/29/20,COD,Nord-Kivu,Kalunguta,217,https://mailchi.mp/18af4f74faf6/situation-pidmiologique-du-29-fvrier-2020?e=d0c10fcf41
2/29/20,COD,Nord-Kivu,Katwa,678,https://mailchi.mp/18af4f74faf6/situation-pidmiologique-du-29-fvrier-2020?e=d0c10fcf41
2/29/20,COD,Nord-Kivu,Kayna,29,https://mailchi.mp/18af4f74faf6/situation-pidmiologique-du-29-fvrier-2020?e=d0c10fcf41
2/29/20,COD,Nord-Kivu,Kyondo,29,https://mailchi.mp/18af4f74faf6/situation-pidmiologique-du-29-fvrier-2020?e=d0c10fcf41
2/29/20,COD,Nord-Kivu,Lubero,33,https://mailchi.mp/18af4f74faf6/situation-pidmiologique-du-29-fvrier-2020?e=d0c10fcf41
2/29/20,COD,Nord-Kivu,Mabalako,481,https://mailchi.mp/18af4f74faf6/situation-pidmiologique-du-29-fvrier-2020?e=d0c10fcf41
2/29/20,COD,Nord-Kivu,Mangurujipa,19,https://mailchi.mp/18af4f74faf6/situation-pidmiologique-du-29-fvrier-2020?e=d0c10fcf41
2/29/20,COD,Nord-Kivu,Masereka,56,https://mailchi.mp/18af4f74faf6/situation-pidmiologique-du-29-fvrier-2020?e=d0c10fcf41
2/29/20,COD,Nord-Kivu,Musienene,86,https://mailchi.mp/18af4f74faf6/situation-pidmiologique-du-29-fvrier-2020?e=d0c10fcf41
2/29/20,COD,Nord-Kivu,Mutwanga,32,https://mailchi.mp/18af4f74faf6/situation-pidmiologique-du-29-fvrier-2020?e=d0c10fcf41
2/29/20,COD,Nord-Kivu,Nyiragongo,3,https://mailchi.mp/18af4f74faf6/situation-pidmiologique-du-29-fvrier-2020?e=d0c10fcf41
2/29/20,COD,Nord-Kivu,Oicha,65,https://mailchi.mp/18af4f74faf6/situation-pidmiologique-du-29-fvrier-2020?e=d0c10fcf41
2/29/20,COD,Nord-Kivu,Pinga,1,https://mailchi.mp/18af4f74faf6/situation-pidmiologique-du-29-fvrier-2020?e=d0c10fcf41
2/29/20,COD,Nord-Kivu,Vuhovi,117,https://mailchi.mp/18af4f74faf6/situation-pidmiologique-du-29-fvrier-2020?e=d0c10fcf41